Id,Expected
0,268
1,74
2,45
3,27
4,10
5,15
6,6
7,55
8,105
9,265
10,318
11,393
12,525
13,630
14,674
15,688
16,646
17,552
18,135
19,570
20,222
21,228
22,205
23,142
24,167
25,117
26,101
27,53
28,18
29,6
30,77
31,26
32,274
33,97
34,347
35,532
36,855
37,129
38,24
39,36
40,627
41,333
42,258
43,156
44,183
45,95
46,18
301,92
302,15
303,9
304,6
305,17
306,73
307,249
308,663
309,428
310,137
311,195
312,301
313,274
314,315
315,234
316,371
317,493
318,376
319,288
320,154
321,142
322,139
323,94
324,93
325,49
326,51
327,34
328,7
329,3
330,6
331,16
332,168
333,332
334,265
335,393
336,525
337,437
338,390
339,535
340,686
341,552
342,493
343,180
344,222
345,168
346,96
347,97
348,214
349,73
350,55
351,13
352,11
353,6
354,12
355,44
356,30
357,172
358,282
359,319
360,253
361,488
362,530
363,244
364,500
365,189
366,152
367,64
368,178
369,115
370,171
371,171
372,118
373,41
374,13
375,17
376,27
377,10
378,26
379,60
380,196
381,182
382,272
383,290
384,305
385,1297
386,363
387,272
388,1360
389,321
390,200
391,577
392,87
393,103
394,33
395,6
641,288
642,356
643,93
644,32
645,6
646,3
647,48
648,37
649,153
650,285
651,298
652,640
653,593
654,530
655,598
656,474
657,387
658,247
659,64
660,138
661,185
662,145
663,171
664,72
665,16
666,9
667,6
668,10
669,3
670,93
671,721
672,1162
673,375
674,93
675,270
676,200
677,202
678,137
679,137
680,358
681,657
682,530
683,338
684,79
685,240
686,108
687,75
688,30
689,18
690,14
691,6
692,55
693,344
694,322
695,575
696,442
697,171
698,109
699,173
700,66
701,86
702,108
703,183
704,376
705,400
706,298
707,249
708,123
709,99
710,58
711,36
712,21
713,7
714,6
715,7
716,3
717,24
718,91
719,219
720,329
721,142
722,161
723,215
724,245
725,232
726,250
727,322
728,417
729,413
730,250
731,170
732,132
733,127
734,85
992,19
993,40
994,15
995,6
996,7
997,21
998,120
999,336
1000,1145
1001,271
1002,229
1003,430
1004,530
1005,464
1006,655
1007,476
1008,392
1009,726
1010,718
1011,446
1012,281
1013,163
1014,146
1015,58
1016,39
1017,16
1018,9
1019,6
1020,24
1021,154
1022,404
1023,880
1024,412
1025,190
1026,151
1027,197
1028,336
1029,195
1030,283
1031,350
1032,783
1033,726
1034,459
1035,163
1036,144
1037,171
1038,113
1039,45
1040,12
1041,6
1042,3
1043,9
1044,99
1045,848
1046,758
1047,246
1048,117
1049,150
1050,242
1051,147
1052,334
1053,385
1054,534
1055,681
1056,630
1057,733
1058,230
1059,324
1060,127
1061,131
1062,33
1063,29
1064,19
1065,3
1066,3
1067,18
1068,270
1069,829
1070,660
1071,572
1072,172
1073,209
1074,615
1075,586
1076,517
1077,507
1078,281
1079,1538
1080,556
1081,430
1082,646
1083,577
1084,493
1085,108
1337,39
1338,18
1339,6
1340,6
1341,3
1342,36
1343,117
1344,303
1345,736
1346,412
1347,309
1348,178
1349,246
1350,168
1351,183
1352,209
1353,350
1354,680
1355,549
1356,338
1357,163
1358,144
1359,106
1360,35
1361,27
1362,6
1363,15
1364,3
1365,3
1366,40
1367,130
1368,402
1369,992
1370,246
1371,117
1372,108
1373,212
1374,270
1375,334
1376,385
1377,534
1378,681
1379,1018
1380,250
1381,230
1382,181
1383,100
1384,85
1643,64
1644,16
1645,12
1646,6
1647,48
1648,271
1649,721
1650,1129
1651,271
1652,143
1653,163
1654,442
1655,191
1656,188
1657,230
1658,226
1659,781
1660,480
1661,446
1662,281
1663,349
1664,106
1665,37
1666,30
1667,18
1668,6
1669,3
1670,55
1671,117
1672,329
1673,1228
1674,442
1675,171
1676,109
1677,173
1678,173
1679,237
1680,273
1681,316
1682,376
1683,682
1684,393
1685,318
1686,60
1687,169
1688,61
1689,36
1690,21
1691,9
1692,6
1693,21
1694,208
1695,271
1696,758
1697,197
1698,142
1699,187
1700,215
1701,189
1702,223
1703,252
1704,346
1705,600
1706,576
1707,413
1708,383
1709,370
1710,240
1711,179
1712,85
1713,34
1714,12
1715,12
1716,3
1717,49
1718,197
1719,312
1720,965
1721,572
1722,319
1723,433
1724,615
1725,306
1726,517
1727,507
1728,948
1729,1092
1730,556
1731,712
1732,646
1733,577
1734,189
1735,108
2019,54
2020,18
2021,3
2022,6
2023,6
2024,25
2025,357
2026,848
2027,1418
2028,734
2029,179
2030,124
2031,187
2032,314
2033,223
2034,95
2035,96
2036,78
2037,576
2038,413
2039,228
2040,196
2041,32
2042,55
2043,9
2044,9
2045,7
2046,9
2047,6
2048,46
2049,157
2050,326
2051,1214
2052,330
2053,196
2054,164
2055,132
2056,297
2057,198
2058,191
2059,258
2060,653
2061,416
2062,652
2063,79
2064,256
2065,170
2066,34
2067,28
2068,24
2069,40
2070,6
2071,3
2072,15
2073,33
2074,106
2075,842
2076,472
2077,320
2078,242
2079,472
2080,274
2081,157
2082,349
2083,317
2084,692
2085,478
2086,326
2087,191
2088,142
2089,136
2090,70
2091,61
2092,129
2093,45
2094,22
2095,24
2096,13
2097,21
2098,28
2099,168
2100,231
2101,269
2102,520
2103,166
2104,1062
2105,87
2106,126
2107,340
2108,602
2109,437
2110,312
2111,121
2112,213
2113,146
2114,97
2378,85
2379,34
2380,32
2381,15
2382,9
2383,18
2384,345
2385,829
2386,1345
2387,572
2388,319
2389,433
2390,646
2391,586
2392,517
2393,507
2394,691
2395,1522
2396,1427
2397,1024
2398,646
2399,577
2400,493
2401,310
2402,60
2403,34
2404,18
2405,18
2406,24
2407,39
2408,138
2409,368
2410,618
2411,618
2412,530
2413,530
2414,758
2415,765
2416,677
2417,677
2418,763
2419,647
2420,614
2421,339
2422,253
2423,253
2424,286
2425,225
2426,61
2427,53
2428,53
2429,6
2430,3
2431,9
2432,19
2433,50
2434,64
2435,61
2436,36
2437,82
2438,547
2439,90
2440,73
2441,92
2442,69
2443,50
2444,251
2445,294
2446,364
2447,235
2448,261
2449,142
2450,167
2451,250
2452,180
2453,103
2454,12
2455,16
2456,3
2457,32
2458,113
2459,140
2460,756
2461,631
2462,656
2463,760
2464,894
2465,577
2466,892
2467,405
2468,302
2469,194
2470,156
2471,159
2472,113
2473,102
2762,72
2763,49
2764,80
2765,15
2766,9
2767,6
2768,30
2769,43
2770,256
2771,263
2772,475
2773,393
2774,927
2775,1077
2776,1496
2777,1282
2778,1087
2779,738
2780,489
2781,362
2782,212
2783,282
2784,196
2785,158
2786,117
2787,109
2788,102
2789,75
2790,4
2791,15
2792,12
2793,77
2794,182
2795,274
2796,733
2797,1067
2798,784
2799,1191
2800,1060
2801,1178
2802,999
2803,792
2804,457
2805,649
2806,298
2807,478
2808,504
2809,101
2810,73
2811,51
2812,19
2813,13
2814,12
2815,67
2816,261
2817,540
2818,970
2819,528
2820,306
2821,494
2822,612
2823,529
2824,506
2825,575
2826,758
2827,1350
2828,872
2829,389
2830,666
2831,389
2832,412
2833,217
3098,61
3099,164
3100,210
3101,6
3102,35
3103,17
3104,60
3105,12
3106,146
3107,321
3108,423
3109,764
3110,166
3111,139
3112,730
3113,688
3114,646
3115,899
3116,493
3117,427
3118,364
3119,326
3120,261
3121,353
3122,356
3123,403
3124,120
3125,57
3126,18
3127,3
3128,9
3129,97
3130,182
3131,604
3132,862
3133,1067
3134,1227
3135,1491
3136,991
3137,1274
3138,891
3139,850
3140,823
3141,440
3142,297
3143,413
3144,374
3145,159
3146,53
3147,31
3148,30
3149,6
3150,3
3151,40
3152,345
3153,727
3154,1059
3155,570
3156,381
3157,452
3158,484
3159,587
3160,570
3161,679
3162,128
3163,1771
3164,397
3165,1130
3166,961
3167,623
3168,252
3169,98
3170,104
3171,15
3172,12
3173,4
3174,21
3175,15
3176,344
3177,412
3178,1255
3179,587
3180,94
3181,235
3182,55
3183,331
3184,505
3185,493
3186,606
3187,1629
3188,1649
3189,1110
3190,737
3191,588
3192,169
3193,125
3482,216
3483,106
3484,130
3485,60
3486,20
3487,13
3488,26
3489,134
3490,348
3491,715
3492,902
3493,1105
3494,1362
3495,1241
3496,1257
3497,1448
3498,1592
3499,1373
3500,1281
3501,1077
3502,594
3503,348
3504,268
3505,91
3506,147
3507,42
3508,16
3509,6
3510,13
3511,79
3512,285
3513,984
3514,1304
3515,586
3516,407
3517,410
3518,604
3519,440
3520,523
3521,522
3522,824
3523,1681
3524,1558
3525,1175
3526,879
3527,685
3528,486
3529,203
3530,122
3531,53
3532,16
3533,21
3534,18
3535,49
3536,353
3537,936
3538,1315
3539,608
3540,302
3541,395
3542,562
3543,383
3544,401
3545,412
3546,733
3547,1598
3548,1248
3549,599
3550,506
3551,640
3552,556
3553,338
3554,143
3555,87
3556,23
3557,22
3558,16
3559,77
3560,323
3561,936
3562,1199
3563,572
3564,414
3565,487
3566,615
3567,482
3568,519
3569,578
3570,843
3571,1665
3572,1508
3573,1161
3574,856
3575,579
3576,493
3577,359
3842,76
3843,26
3844,20
3845,20
3846,6
3847,109
3848,345
3849,1043
3850,1356
3851,586
3852,342
3853,558
3854,551
3855,600
3856,472
3857,681
3858,907
3859,902
3860,1691
3861,1137
3862,834
3863,616
3864,479
3865,204
3866,117
3867,39
3868,11
3869,9
3870,15
3871,63
3872,276
3873,935
3874,1427
3875,640
3876,409
3877,450
3878,544
3879,687
3880,551
3881,585
3882,916
3883,1797
3884,1701
3885,1223
3886,706
3887,554
3888,577
3889,338
3890,149
3891,90
3892,23
3893,13
3894,10
3895,77
3896,142
3897,248
3898,1357
3899,507
3900,463
3901,345
3902,593
3903,595
3904,493
3905,629
3906,217
3907,1739
3908,1645
3909,449
3910,708
3911,143
3912,215
3913,34
3914,159
3915,35
3916,64
3917,34
3918,12
3919,62
3920,281
3921,801
3922,1187
3923,721
3924,403
3925,370
3926,705
3927,652
3928,657
3929,680
3930,679
3931,507
3932,1495
3933,528
3934,700
3935,339
3936,391
3937,404
4226,144
4227,87
4228,23
4229,18
4230,16
4231,77
4232,308
4233,936
4234,1199
4235,622
4236,378
4237,456
4238,545
4239,482
4240,465
4241,578
4242,630
4243,1531
4244,1450
4245,1161
4246,856
4247,653
4248,493
4249,403
4250,207
4251,73
4252,49
4253,27
4254,15
4255,48
4256,231
4257,809
4258,1307
4259,642
4260,434
4261,505
4262,721
4263,510
4264,609
4265,692
4266,1047
4267,1310
4268,1135
4269,1226
4270,930
4271,749
4272,539
4273,504
4274,267
4275,305
4276,196
4277,132
4278,26
4279,27
4280,69
4281,140
4282,404
4283,716
4284,655
4285,1115
4286,776
4287,1415
4288,1546
4289,1345
4290,1405
4291,1329
4292,1029
4293,1020
4294,739
4295,668
4296,619
4297,467
4562,175
4563,49
4564,18
4565,18
4566,16
4567,77
4568,323
4569,921
4570,1199
4571,622
4572,414
4573,467
4574,593
4575,482
4576,534
4577,578
4578,842
4579,1531
4580,1504
4581,1161
4582,856
4583,653
4584,493
4585,287
4586,199
4587,60
4588,45
4589,18
4590,22
4591,48
4592,317
4593,767
4594,1279
4595,721
4596,411
4597,532
4598,661
4599,652
4600,657
4601,685
4602,896
4603,1734
4604,1443
4605,1206
4606,930
4607,749
4608,569
4609,474
4610,267
4611,296
4612,125
4613,97
4614,24
4615,24
4616,69
4617,183
4618,291
4619,716
4620,800
4621,971
4622,1243
4623,1241
4624,1300
4625,1345
4626,1405
4627,1329
4628,1029
4629,1046
4630,881
4631,668
4632,619
4633,467
4634,491
4635,251
4636,199
4637,119
4638,15
4639,54
4640,9
4641,100
4642,306
4643,569
4644,923
4645,971
4646,1257
4647,1228
4648,1350
4649,1346
4650,1437
4651,1235
4652,1213
4653,927
4654,750
4655,725
4656,426
4657,224
4946,267
4947,251
4948,196
4949,90
4950,32
4951,39
4952,60
4953,119
4954,461
4955,716
4956,655
4957,971
4958,1243
4959,813
4960,1272
4961,723
4962,733
4963,661
4964,650
4965,1020
4966,881
4967,668
4968,622
4969,339
4970,399
4971,321
4972,229
4973,106
4974,15
4975,29
4976,42
4977,111
4978,334
4979,621
4980,739
4981,803
4982,823
4983,1523
4984,1096
4985,782
4986,1244
4987,822
4988,796
4989,790
4990,905
4991,501
4992,330
4993,224
4994,115
4995,35
4996,46
4997,24
4998,13
4999,53
5000,325
5001,915
5002,1076
5003,590
5004,387
5005,372
5006,484
5007,483
5008,481
5009,533
5010,835
5011,1800
5012,1701
5013,1151
5014,1000
5015,654
5016,290
5017,176
5018,65
5019,14
5020,45
5021,11
5022,17
5023,79
5024,285
5025,984
5026,1304
5027,586
5028,456
5029,414
5030,527
5031,440
5032,405
5033,481
5034,631
5035,2268
5036,1675
5037,941
5038,733
5039,736
5040,353
5041,198
5306,108
5307,72
5308,111
5309,93
5310,27
5311,36
5312,9
5313,78
5314,318
5315,245
5316,919
5317,1071
5318,1128
5319,1228
5320,1146
5321,1349
5322,871
5323,901
5324,1029
5325,752
5326,584
5327,191
5328,44
5329,87
5330,38
5331,49
5332,28
5333,20
5334,13
5335,67
5336,325
5337,915
5338,1073
5339,537
5340,412
5341,345
5342,534
5343,483
5344,570
5345,325
5346,758
5347,1643
5348,1678
5349,1220
5350,969
5351,614
5352,290
5353,190
5354,65
5355,14
5356,47
5357,7
5358,15
5359,48
5360,268
5361,984
5362,1286
5363,632
5364,342
5365,492
5366,604
5367,600
5368,486
5369,550
5370,803
5371,1549
5372,1655
5373,1171
5374,938
5375,671
5376,504
5377,238
5378,123
5379,65
5380,19
5381,18
5382,12
5383,82
5384,327
5385,931
5386,1235
5387,572
5388,372
5389,456
5390,562
5391,614
5392,401
5393,450
5394,844
5395,1415
5396,862
5397,1253
5398,991
5399,640
5400,556
5401,226
5677,65
5678,41
5679,18
5680,6
5681,17
5682,42
5683,378
5684,1038
5685,1304
5686,586
5687,410
5688,591
5689,466
5690,676
5691,600
5692,575
5693,979
5694,1549
5695,1619
5696,982
5697,923
5698,671
5699,486
5700,257
5701,145
5702,64
5703,37
5704,18
5705,18
5706,77
5707,327
5708,956
5709,1296
5710,655
5711,374
5712,452
5713,662
5714,645
5715,551
5716,581
5717,844
5718,794
5719,862
5720,1213
5721,1047
5722,784
5723,280
5724,228
5725,175
5726,51
5727,19
5728,12
5729,6
5730,102
5731,323
5732,863
5733,1287
5734,562
5735,363
5736,467
5737,510
5738,595
5739,198
5740,507
5741,810
5742,1531
5743,1508
5744,1003
5745,884
5746,459
5747,481
5748,330
5749,207
5750,39
5751,24
5752,14
5753,22
5754,42
5755,310
5756,801
5757,1279
5758,717
5759,421
5760,540
5761,720
5762,759
5763,98
5764,462
5765,1051
5766,1651
5767,1270
5768,855
5769,700
5770,486
5771,421
5772,336
6034,114
6035,72
6036,23
6037,11
6038,15
6039,63
6040,355
6041,836
6042,1384
6043,671
6044,364
6045,472
6046,662
6047,383
6048,425
6049,581
6050,862
6051,1784
6052,1617
6053,599
6054,506
6055,271
6056,428
6057,172
6058,146
6059,51
6060,49
6061,12
6062,6
6063,98
6064,298
6065,889
6066,1322
6067,507
6068,379
6069,484
6070,510
6071,526
6072,375
6073,502
6074,635
6075,350
6076,206
6077,712
6078,557
6079,414
6080,406
6081,260
6082,108
6083,85
6084,23
6085,16
6086,3
6087,32
6088,109
6089,280
6090,864
6091,591
6092,411
6093,537
6094,685
6095,598
6096,588
6097,800
6098,970
6099,1373
6100,1140
6101,628
6102,460
6103,380
6104,363
6105,316
6106,314
6107,182
6108,139
6109,61
6110,28
6111,25
6112,78
6113,150
6114,354
6115,686
6116,795
6117,520
6118,547
6119,630
6120,1334
6121,698
6122,1308
6123,1223
6124,579
6125,707
6126,684
6127,353
6128,492
6129,415
6418,162
6419,65
6420,33
6421,34
6422,12
6423,72
6424,310
6425,280
6426,1229
6427,591
6428,552
6429,770
6430,834
6431,741
6432,816
6433,680
6434,966
6435,1734
6436,1372
6437,602
6438,545
6439,460
6440,363
6441,369
6442,457
6443,230
6444,99
6445,24
6446,6
6447,9
6448,103
6449,22
6450,354
6451,61
6452,36
6453,82
6454,685
6455,630
6456,767
6457,698
6458,449
6459,214
6460,198
6461,484
6462,235
6463,238
6464,282
6465,353
6466,108
6467,72
6468,69
6469,55
6470,25
6471,15
6472,27
6473,66
6474,208
6475,354
6476,454
6477,932
6478,769
6479,161
6480,129
6481,24
6482,36
6483,77
6484,457
6485,488
6486,362
6487,277
6488,125
6489,138
6754,162
6755,35
6756,64
6757,34
6758,12
6759,42
6760,252
6761,487
6762,1187
6763,717
6764,154
6765,64
6766,88
6767,615
6768,661
6769,762
6770,966
6771,1482
6772,504
6773,602
6774,545
6775,460
6776,363
6777,369
6778,304
6779,208
6780,99
6781,61
6782,28
6783,9
6784,40
6785,179
6786,256
6787,708
6788,475
6789,678
6790,927
6791,1077
6792,1104
6793,1323
6794,1220
6795,947
6796,763
6797,545
6798,427
6799,385
6800,343
6801,326
6802,497
6803,356
6804,232
6805,166
6806,20
6807,9
6808,27
6809,73
6810,223
6811,443
6812,786
6813,993
6814,1569
6815,1106
6816,1052
6817,1047
6818,1063
6819,737
6820,605
6821,447
6822,322
6823,277
6824,292
6825,101
6826,129
6827,35
6828,34
6829,15
6830,9
6831,21
6832,141
6833,478
6834,1048
6835,498
6836,381
6837,452
6838,620
6839,587
6840,465
6841,468
6842,816
6843,1428
6844,1293
6845,796
6846,398
6847,390
6848,240
6849,173
7137,110
7138,118
7139,6
7140,75
7141,6
7142,3
7143,27
7144,12
7145,16
7146,290
7147,651
7148,823
7149,1131
7150,1047
7151,1059
7152,1014
7153,1000
7154,679
7155,429
7156,447
7157,86
7158,199
7159,140
7160,138
7161,46
7162,26
7163,9
7164,3
7165,20
7166,65
7167,91
7168,707
7169,1186
7170,471
7171,322
7172,320
7173,544
7174,654
7175,349
7176,501
7177,697
7178,1150
7179,1210
7180,920
7181,503
7182,424
7183,330
7184,173
7185,86
7186,38
7187,9
7188,6
7189,6
7190,72
7191,297
7192,957
7193,1228
7194,580
7195,397
7196,394
7197,636
7198,539
7199,576
7200,597
7201,906
7202,1307
7203,1301
7204,848
7205,444
7206,200
7207,337
7208,80
7209,39
7210,22
7211,15
7212,6
7213,12
7214,84
7215,275
7216,916
7217,1387
7218,679
7219,331
7220,477
7221,564
7222,532
7223,563
7224,474
7225,767
7226,1437
7227,1245
7228,924
7229,675
7230,492
7231,351
7232,203
7497,19
7498,40
7499,7
7500,4
7501,7
7502,86
7503,286
7504,727
7505,1129
7506,677
7507,336
7508,458
7509,547
7510,858
7511,709
7512,669
7513,1042
7514,1428
7515,1268
7516,1151
7517,881
7518,640
7519,449
7520,199
7521,91
7522,26
7523,20
7524,13
7525,6
7526,88
7527,197
7528,579
7529,1073
7530,710
7531,485
7532,235
7533,328
7534,340
7535,340
7536,477
7537,815
7538,1070
7539,1085
7540,756
7541,560
7542,542
7543,267
7544,120
7545,77
7546,17
7547,20
7548,18
7549,6
7550,9
7551,208
7552,141
7553,264
7554,192
7555,100
7556,153
7557,67
7558,104
7559,164
7560,95
7561,96
7562,766
7563,156
7564,280
7565,293
7566,87
7567,147
7568,27
7569,137
7570,35
7571,9
7572,20
7573,3
7574,46
7575,142
7576,678
7577,1090
7578,501
7579,342
7580,164
7581,402
7582,280
7583,209
7584,283
7585,587
7586,734
7587,966
7588,708
7589,580
7590,414
7591,272
7592,136
7880,48
7881,16
7882,15
7883,6
7884,6
7885,66
7886,294
7887,777
7888,1508
7889,585
7890,300
7891,351
7892,428
7893,505
7894,332
7895,367
7896,524
7897,852
7898,517
7899,554
7900,371
7901,198
7902,189
7903,120
7904,70
7905,29
7906,6
7907,3
7908,10
7909,36
7910,213
7911,805
7912,764
7913,682
7914,331
7915,324
7916,366
7917,684
7918,364
7919,363
7920,631
7921,1209
7922,1158
7923,416
7924,536
7925,300
7926,172
7927,184
7928,76
7929,41
7930,16
7931,13
7932,7
7933,17
7934,264
7935,109
7936,228
7937,310
7938,362
7939,423
7940,596
7941,531
7942,532
7943,561
7944,905
7945,609
7946,504
7947,229
7948,545
7949,460
7950,145
7951,266
8216,79
8217,22
8218,3
8219,6
8220,3
8221,25
8222,229
8223,900
8224,758
8225,767
8226,419
8227,311
8228,428
8229,393
8230,212
8231,221
8232,656
8233,1402
8234,1542
8235,953
8236,788
8237,488
8238,351
8239,157
8240,85
8241,38
8242,20
8243,13
8244,9
8245,84
8246,290
8247,930
8248,1214
8249,501
8250,342
8251,333
8252,519
8253,526
8254,503
8255,191
8256,225
8257,1092
8258,734
8259,676
8260,557
8261,511
8262,406
8263,208
8264,108
8265,25
8266,33
8267,15
8268,16
8269,57
8270,244
8271,545
8272,1268
8273,1044
8274,355
8275,478
8276,635
8277,721
8278,446
8279,600
8280,533
8281,1203
8282,1140
8283,582
8284,427
8285,317
8286,217
8287,196
8288,160
8289,55
8290,82
8291,31
8292,25
8293,13
8294,30
8295,55
8296,173
8297,231
8298,795
8299,613
8300,525
8301,560
8302,270
8303,306
8304,322
8305,757
8306,406
8307,245
8308,77
8309,151
8310,68
8311,259
8597,76
8598,44
8599,17
8600,6
8601,7
8602,57
8603,190
8604,109
8605,842
8606,727
8607,362
8608,422
8609,596
8610,598
8611,446
8612,561
8613,905
8614,431
8615,289
8616,628
8617,460
8618,317
8619,217
8620,196
8621,72
8622,209
8623,148
8624,90
8625,28
8626,7
8627,32
8628,12
8629,190
8630,554
8631,652
8632,797
8633,1026
8634,905
8635,1209
8636,1320
8637,1352
8638,757
8639,662
8640,545
8641,427
8642,61
8643,256
8644,225
8645,235
8646,109
8647,93
8648,130
8649,12
8650,14
8651,22
8652,12
8653,16
8654,72
8655,684
8656,810
8657,710
8658,1047
8659,299
8660,1014
8661,698
8662,644
8663,342
8664,106
8665,331
8666,326
8667,211
8668,168
8669,153
8670,33
8671,23
8672,4
8673,12
8674,12
8675,59
8676,59
8677,210
8678,241
8679,313
8680,334
8681,477
8682,532
8683,419
8684,319
8685,321
8686,246
8687,211
8688,182
8689,470
8690,190
8691,78
8955,163
8956,83
8957,79
8958,25
8959,20
8960,6
8961,34
8962,33
8963,105
8964,397
8965,407
8966,878
8967,1075
8968,387
8969,270
8970,1320
8971,322
8972,757
8973,107
8974,76
8975,77
8976,346
8977,315
8978,52
8979,76
8980,63
8981,142
8982,42
8983,9
8984,9
8985,12
8986,6
8987,74
8988,272
8989,432
8990,375
8991,710
8992,424
8993,342
8994,998
8995,508
8996,265
8997,429
8998,242
8999,172
9000,108
9001,84
9002,80
9003,38
9004,33
9005,23
9006,13
9007,4
9008,12
9009,12
9010,59
9011,59
9012,210
9013,272
9014,313
9015,334
9016,1297
9017,532
9018,419
9019,319
9020,321
9021,246
9022,211
9023,182
9024,157
9025,207
9026,6
9027,30
9028,15
9029,23
9030,16
9031,109
9032,152
9033,322
9034,575
9035,331
9036,156
9037,263
9038,193
9039,173
9040,328
9041,503
9042,776
9043,1317
9044,1286
9045,870
9046,685
9047,469
9048,290
9049,142
9338,72
9339,6
9340,15
9341,3
9342,6
9343,24
9344,120
9345,336
9346,1297
9347,566
9348,328
9349,275
9350,361
9351,431
9352,415
9353,475
9354,638
9355,1229
9356,1221
9357,684
9358,610
9359,443
9360,236
9361,141
9362,31
9363,12
9364,15
9365,13
9366,6
9367,36
9368,302
9369,512
9370,1209
9371,809
9372,193
9373,311
9374,433
9375,549
9376,328
9377,655
9378,735
9379,2145
9380,2190
9381,1479
9382,610
9383,633
9384,390
9385,197
9386,91
9387,24
9388,6
9389,6
9390,3
9391,82
9392,96
9393,205
9394,1227
9395,716
9396,300
9397,477
9398,564
9399,532
9400,604
9401,474
9402,883
9403,2244
9404,1984
9405,1099
9406,798
9407,744
9408,487
9409,291
9410,127
9411,63
9412,32
9413,13
9414,6
9415,46
9416,142
9417,248
9418,1090
9419,330
9420,196
9421,164
9422,843
9423,536
9424,492
9425,510
9426,834
9427,2028
9428,1893
9429,914
9430,557
9431,367
9432,272
9433,169
9697,39
9698,15
9699,15
9700,6
9701,9
9702,104
9703,197
9704,241
9705,501
9706,791
9707,193
9708,263
9709,505
9710,561
9711,425
9712,830
9713,735
9714,1317
9715,1085
9716,756
9717,946
9718,646
9719,303
9720,172
9721,98
9722,18
9723,3
9724,6
9725,3
9726,81
9727,130
9728,848
9729,662
9730,585
9731,300
9732,351
9733,489
9734,585
9735,563
9736,367
9737,867
9738,1437
9739,517
9740,469
9741,715
9742,217
9743,351
9744,120
9745,78
9746,34
9747,20
9748,13
9749,6
9750,84
9751,234
9752,888
9753,1214
9754,501
9755,196
9756,164
9757,132
9758,297
9759,198
9760,191
9761,225
9762,540
9763,206
9764,950
9765,680
9766,212
9767,324
9768,184
9769,18
9770,31
9771,9
9772,6
9773,3
9774,39
9775,221
9776,745
9777,473
9778,1193
9779,402
9780,423
9781,630
9782,628
9783,585
9784,756
9785,917
9786,1448
9787,1172
9788,812
9789,545
9790,431
9791,360
9792,359
10078,46
10079,9
10080,9
10081,9
10082,15
10083,102
10084,364
10085,420
10086,1535
10087,644
10088,485
10089,600
10090,554
10091,684
10092,612
10093,675
10094,1113
10095,2028
10096,1893
10097,1451
10098,1039
10099,367
10100,430
10101,299
10102,92
10103,63
10104,37
10105,15
10106,6
10107,17
10108,43
10109,109
10110,228
10111,310
10112,418
10113,544
10114,596
10115,628
10116,446
10117,600
10118,546
10119,213
10120,157
10121,172
10122,460
10123,227
10124,350
10125,196
10389,150
10390,65
10391,11
10392,9
10393,3
10394,60
10395,356
10396,912
10397,1982
10398,944
10399,664
10400,648
10401,903
10402,719
10403,563
10404,734
10405,1177
10406,2244
10407,2390
10408,1557
10409,1155
10410,744
10411,537
10412,484
10413,127
10414,71
10415,21
10416,15
10417,6
10418,90
10419,426
10420,1598
10421,2063
10422,644
10423,485
10424,510
10425,628
10426,526
10427,441
10428,864
10429,937
10430,2514
10431,2374
10432,1269
10433,926
10434,778
10435,569
10436,342
10437,108
10438,36
10439,36
10440,25
10441,13
10442,72
10443,200
10444,745
10445,1193
10446,1215
10447,632
10448,325
10449,565
10450,579
10451,98
10452,192
10453,173
10454,782
10455,1091
10456,705
10457,460
10458,380
10459,350
10460,196
10461,61
10462,316
10463,213
10464,64
10465,6
10466,7
10467,22
10468,50
10469,338
10470,653
10471,535
10472,917
10473,1870
10474,1789
10475,1646
10476,2151
10477,1574
10478,1353
10479,940
10480,545
10481,974
10482,858
10483,884
10484,486
10773,174
10774,74
10775,37
10776,15
10777,6
10778,51
10779,252
10780,534
10781,1335
10782,706
10783,377
10784,478
10785,536
10786,488
10787,116
10788,192
10789,546
10790,1203
10791,289
10792,229
10793,304
10794,96
10795,145
10796,234
10797,382
10798,209
10799,213
10800,89
10801,27
10802,3
10803,22
10804,50
10805,338
10806,653
10807,535
10808,797
10809,1064
10810,1789
10811,875
10812,778
10813,1850
10814,927
10815,1271
10816,120
10817,537
10818,353
10819,266
10820,291
10821,369
10822,131
10823,124
10824,147
10825,12
10826,18
10827,30
10828,48
10829,190
10830,546
10831,733
10832,1084
10833,769
10834,1191
10835,1060
10836,957
10837,1063
10838,649
10839,490
10840,1174
10841,362
10842,555
10843,186
10844,87
10845,60
10846,7
10847,10
10848,4
10849,7
10850,141
10851,842
10852,1709
10853,864
10854,514
10855,581
10856,544
10857,440
10858,498
10859,538
10860,878
10861,1963
10862,1591
10863,1298
10864,627
10865,599
10866,285
10867,174
11131,304
11132,230
11133,99
11134,57
11135,28
11136,25
11137,21
11138,179
11139,317
11140,844
11141,1365
11142,2040
11143,1883
11144,2270
11145,1441
11146,1096
11147,1336
11148,1961
11149,1444
11150,1278
11151,478
11152,764
11153,266
11154,411
11155,231
11156,200
11157,268
11158,86
11159,43
11160,25
11161,69
11162,111
11163,450
11164,745
11165,1178
11166,1732
11167,1782
11168,2061
11169,1865
11170,1687
11171,1969
11172,1625
11173,1568
11174,1475
11175,901
11176,677
11177,387
11178,163
11179,160
11180,94
11181,66
11182,60
11183,13
11184,31
11185,66
11186,225
11187,348
11188,715
11189,880
11190,1105
11191,1362
11192,1368
11193,1466
11194,1448
11195,1665
11196,786
11197,1281
11198,1195
11199,387
11200,594
11201,348
11202,78
11203,65
11204,63
11205,18
11206,9
11207,15
11208,109
11209,345
11210,1043
11211,1980
11212,930
11213,555
11214,717
11215,975
11216,930
11217,882
11218,655
11219,1148
11220,2145
11221,2190
11222,1479
11223,871
11224,633
11225,479
11226,197
11515,73
11516,41
11517,31
11518,3
11519,9
11520,21
11521,266
11522,813
11523,1873
11524,789
11525,322
11526,270
11527,761
11528,511
11529,716
11530,772
11531,754
11532,1428
11533,1973
11534,930
11535,907
11536,637
11537,416
11538,248
11539,83
11540,33
11541,34
11542,6
11543,3
11544,72
11545,344
11546,709
11547,1255
11548,1016
11549,457
11550,633
11551,747
11552,827
11553,780
11554,799
11555,1050
11556,2519
11557,1968
11558,1487
11559,1209
11560,776
11561,539
11562,329
11563,160
11564,43
11565,15
11566,15
11567,13
11568,99
11569,226
11570,1271
11571,1894
11572,930
11573,234
11574,582
11575,621
11576,879
11577,811
11578,578
11579,706
11580,1145
11581,1414
11582,1409
11583,1198
11584,800
11585,632
11586,224
11851,115
11852,28
11853,34
11854,13
11855,26
11856,85
11857,240
11858,445
11859,675
11860,572
11861,286
11862,342
11863,556
11864,726
11865,716
11866,742
11867,319
11868,640
11869,1973
11870,413
11871,813
11872,472
11873,452
11874,171
11875,92
11876,15
11877,16
11878,6
11879,12
11880,51
11881,344
11882,513
11883,1576
11884,1016
11885,457
11886,746
11887,779
11888,188
11889,739
11890,799
11891,1228
11892,2358
11893,2431
11894,1136
11895,261
11896,216
11897,539
11898,160
11899,77
11900,55
11901,27
11902,15
11903,22
11904,77
11905,486
11906,1420
11907,2035
11908,930
11909,672
11910,747
11911,996
11912,968
11913,880
11914,845
11915,1463
11916,1884
11917,1984
11918,1972
11919,1124
11920,811
11921,734
11922,291
11923,175
11924,71
11925,19
11926,18
11927,12
11928,73
11929,331
11930,1010
11931,1917
11932,985
11933,504
11934,778
11935,697
11936,1010
11937,862
11938,876
11939,1224
11940,1879
11941,1602
11942,1525
11943,1264
11944,709
11945,719
11946,428
12235,108
12236,30
12237,19
12238,6
12239,12
12240,85
12241,383
12242,205
12243,1894
12244,1014
12245,499
12246,648
12247,996
12248,968
12249,880
12250,1042
12251,1286
12252,2244
12253,1984
12254,1972
12255,788
12256,987
12257,537
12258,291
12259,186
12260,90
12261,36
12262,24
12263,18
12264,128
12265,541
12266,1442
12267,1891
12268,1023
12269,592
12270,694
12271,947
12272,883
12273,827
12274,864
12275,1386
12276,2186
12277,2191
12278,1871
12279,1510
12280,1163
12281,719
12282,539
12283,207
12284,73
12285,45
12286,21
12287,19
12288,92
12289,135
12290,1084
12291,1781
12292,1072
12293,750
12294,938
12295,1020
12296,1212
12297,75
12298,192
12299,423
12300,782
12301,1091
12302,528
12303,186
12304,380
12305,112
12306,117
12307,283
12308,226
12309,210
12310,141
12311,44
12312,3
12313,88
12314,211
12315,618
12316,1065
12317,1546
12318,2040
12319,2237
12320,2238
12321,2102
12322,2038
12323,2184
12324,2157
12325,1887
12326,1208
12327,697
12328,1053
12329,705
12330,570
12595,143
12596,93
12597,32
12598,19
12599,10
12600,51
12601,354
12602,1442
12603,1917
12604,937
12605,433
12606,705
12607,921
12608,843
12609,828
12610,933
12611,1155
12612,2514
12613,2549
12614,1552
12615,1312
12616,977
12617,762
12618,495
12619,175
12620,134
12621,33
12622,34
12623,12
12624,72
12625,425
12626,1295
12627,2137
12628,1184
12629,719
12630,1002
12631,1188
12632,1248
12633,1158
12634,1304
12635,1402
12636,2493
12637,2001
12638,1540
12639,997
12640,916
12641,633
12642,579
12643,474
12644,293
12645,220
12646,109
12647,30
12648,37
12649,115
12650,231
12651,595
12652,1092
12653,1566
12654,1723
12655,1883
12656,2270
12657,2036
12658,2038
12659,1260
12660,1961
12661,1444
12662,1278
12663,868
12664,764
12665,705
12666,547
12667,534
12668,384
12669,289
12670,166
12671,40
12672,25
12673,69
12674,111
12675,500
12676,745
12677,1250
12678,1434
12679,2518
12680,1630
12681,2104
12682,1698
12683,1917
12684,1856
12685,1568
12686,1543
12687,901
12688,804
12689,515
12690,328
12979,67
12980,132
12981,218
12982,132
12983,22
12984,35
12985,85
12986,194
12987,461
12988,867
12989,1075
12990,1223
12991,1618
12992,1918
12993,2018
12994,1666
12995,1669
12996,1655
12997,914
12998,1208
12999,907
13000,654
13001,698
13002,478
13003,285
13004,397
13005,229
13006,81
13007,19
13008,23
13009,60
13010,126
13011,461
13012,759
13013,739
13014,1287
13015,1679
13016,1129
13017,1013
13018,1584
13019,1564
13020,1747
13021,1374
13022,1240
13023,1104
13024,804
13025,583
13026,319
13027,115
13028,40
13029,24
13030,6
13031,27
13032,86
13033,342
13034,863
13035,1877
13036,884
13037,387
13038,597
13039,924
13040,859
13041,829
13042,849
13043,1327
13044,2628
13045,2585
13046,1753
13047,1265
13048,835
13049,667
13050,358
13315,283
13316,244
13317,255
13318,91
13319,17
13320,37
13321,74
13322,204
13323,595
13324,867
13325,877
13326,1064
13327,1362
13328,520
13329,2036
13330,1813
13331,1476
13332,565
13333,1594
13334,1129
13335,778
13336,684
13337,698
13338,411
13339,281
13340,229
13341,244
13342,105
13343,53
13344,23
13345,60
13346,207
13347,285
13348,853
13349,1041
13350,1681
13351,1233
13352,1129
13353,1013
13354,1584
13355,1917
13356,1625
13357,480
13358,601
13359,632
13360,675
13361,587
13362,281
13363,103
13364,40
13365,46
13366,13
13367,21
13368,112
13369,440
13370,1319
13371,1877
13372,841
13373,493
13374,597
13375,589
13376,859
13377,804
13378,913
13379,319
13380,709
13381,2292
13382,1753
13383,1265
13384,933
13385,667
13386,355
13387,147
13388,47
13389,29
13390,6
13391,18
13392,129
13393,309
13394,1492
13395,1476
13396,619
13397,452
13398,476
13399,935
13400,780
13401,797
13402,928
13403,1050
13404,2090
13405,2476
13406,1647
13407,1392
13408,865
13409,562
13410,297
13699,131
13700,34
13701,28
13702,4
13703,32
13704,112
13705,440
13706,1280
13707,1391
13708,1126
13709,648
13710,663
13711,859
13712,952
13713,843
13714,919
13715,1327
13716,2628
13717,2539
13718,1753
13719,1354
13720,914
13721,452
13722,355
13723,69
13724,48
13725,16
13726,12
13727,26
13728,129
13729,512
13730,1369
13731,1981
13732,1024
13733,584
13734,746
13735,885
13736,780
13737,794
13738,789
13739,1050
13740,2678
13741,1968
13742,1297
13743,261
13744,811
13745,557
13746,245
13747,160
13748,45
13749,12
13750,15
13751,12
13752,85
13753,549
13754,1470
13755,1972
13756,988
13757,542
13758,755
13759,570
13760,1022
13761,626
13762,969
13763,706
13764,2718
13765,2140
13766,2050
13767,1154
13768,1112
13769,734
13770,424
13771,189
13772,56
13773,49
13774,30
13775,18
13776,112
13777,506
13778,1568
13779,2122
13780,1023
13781,486
13782,523
13783,881
13784,836
13785,555
13786,852
13787,1348
13788,2476
13789,2953
13790,1621
13791,1492
13792,1040
13793,781
13794,425
14059,147
14060,43
14061,34
14062,25
14063,21
14064,114
14065,344
14066,821
14067,1790
14068,745
14069,584
14070,746
14071,885
14072,917
14073,825
14074,849
14075,1394
14076,1050
14077,1968
14078,1136
14079,1202
14080,865
14081,715
14082,398
14083,167
14084,44
14085,27
14086,14
14087,25
14088,119
14089,549
14090,1511
14091,2052
14092,1014
14093,499
14094,648
14095,570
14096,848
14097,771
14098,884
14099,1286
14100,2672
14101,2555
14102,1919
14103,1448
14104,1112
14105,773
14106,424
14107,182
14108,68
14109,20
14110,18
14111,12
14112,128
14113,506
14114,1548
14115,1891
14116,1023
14117,592
14118,694
14119,1070
14120,883
14121,555
14122,864
14123,1348
14124,2541
14125,1998
14126,1984
14127,1492
14128,1163
14129,719
14130,483
14131,223
14132,96
14133,49
14134,37
14135,27
14136,88
14137,425
14138,1288
14139,2284
14140,1140
14141,725
14142,820
14143,825
14144,1224
14145,1222
14146,1289
14147,1588
14148,2195
14149,2059
14150,495
14151,1155
14152,916
14153,89
14154,75
14443,189
14444,86
14445,27
14446,21
14447,15
14448,112
14449,506
14450,1548
14451,2155
14452,1023
14453,699
14454,694
14455,1070
14456,975
14457,882
14458,876
14459,1386
14460,2541
14461,1998
14462,1984
14463,1492
14464,977
14465,767
14466,479
14467,228
14468,35
14469,34
14470,27
14471,12
14472,72
14473,344
14474,1084
14475,1781
14476,914
14477,778
14478,820
14479,825
14480,972
14481,854
14482,924
14483,1176
14484,2198
14485,1786
14486,1149
14487,1147
14488,851
14489,652
14490,519
14491,507
14492,229
14493,185
14494,105
14495,34
14496,46
14497,151
14498,142
14499,382
14500,686
14501,961
14502,995
14503,1362
14504,1196
14505,1029
14506,1216
14507,1476
14508,1621
14509,1444
14510,427
14511,511
14512,264
14513,544
14514,676
14515,356
14516,298
14517,195
14518,80
14519,31
14520,10
14521,55
14522,113
14523,522
14524,853
14525,1251
14526,1272
14527,1006
14528,536
14529,488
14530,1096
14531,1852
14532,878
14533,1675
14534,956
14535,757
14536,885
14537,186
14538,319
14803,211
14804,141
14805,34
14806,37
14807,31
14808,115
14809,415
14810,1192
14811,2112
14812,1164
14813,642
14814,912
14815,1208
14816,936
14817,1227
14818,1149
14819,1646
14820,2645
14821,1966
14822,1567
14823,1130
14824,848
14825,932
14826,536
14827,436
14828,349
14829,221
14830,141
14831,39
14832,29
14833,94
14834,231
14835,618
14836,955
14837,1546
14838,1715
14839,2228
14840,2221
14841,2036
14842,778
14843,1336
14844,1961
14845,1444
14846,1499
14847,1063
14848,723
14849,711
14850,516
14851,313
14852,418
14853,194
14854,166
14855,40
14856,25
14857,72
14858,111
14859,500
14860,745
14861,1072
14862,1514
14863,1678
14864,2320
14865,1950
14866,2185
14867,1752
14868,1630
14869,1755
14870,848
14871,816
14872,675
14873,475
14874,261
14875,132
14876,51
14877,16
14878,6
14879,12
14880,71
14881,421
14882,1314
14883,1991
14884,1048
14885,632
14886,703
14887,863
14888,941
14889,716
14890,772
14891,991
14892,1564
14893,1973
14894,930
14895,813
14896,353
14897,240
14898,232
15187,117
15188,384
15189,194
15190,135
15191,40
15192,36
15193,72
15194,111
15195,450
15196,745
15197,1339
15198,1732
15199,2261
15200,2121
15201,2155
15202,2185
15203,1955
15204,1626
15205,1310
15206,169
15207,169
15208,540
15209,357
15210,261
15211,73
15212,41
15213,16
15214,22
15215,12
15216,107
15217,436
15218,1125
15219,1449
15220,471
15221,646
15222,696
15223,859
15224,784
15225,784
15226,862
15227,1049
15228,709
15229,584
15230,930
15231,75
15232,756
15233,240
15234,34
15235,92
15236,92
15237,34
15238,9
15239,21
15240,114
15241,344
15242,925
15243,640
15244,212
15245,94
15246,100
15247,823
15248,768
15249,192
15250,109
15251,442
15252,351
15253,444
15254,1297
15255,261
15256,216
15257,167
15258,260
15523,293
15524,250
15525,102
15526,119
15527,4
15528,15
15529,27
15530,81
15531,347
15532,318
15533,1496
15534,1832
15535,2158
15536,2065
15537,1865
15538,1687
15539,2219
15540,1626
15541,1310
15542,900
15543,367
15544,557
15545,423
15546,290
15547,115
15548,28
15549,24
15550,13
15551,26
15552,85
15553,427
15554,797
15555,1449
15556,572
15557,583
15558,342
15559,533
15560,415
15561,661
15562,955
15563,1195
15564,2167
15565,84
15566,397
15567,784
15568,794
15569,492
15570,224
15571,77
15572,18
15573,19
15574,17
15575,28
15576,72
15577,587
15578,1168
15579,1839
15580,973
15581,519
15582,579
15583,786
15584,909
15585,955
15586,684
15587,958
15588,2272
15589,2530
15590,1471
15591,1182
15592,485
15593,373
15594,342
15595,39
15596,85
15597,22
15598,12
15599,6
15600,84
15601,523
15602,916
15603,2083
15604,1015
15605,492
15606,540
15607,854
15608,823
15609,797
15610,644
15611,1463
15612,2935
15613,2761
15614,1666
15615,419
15616,932
15617,718
15618,386
15884,61
15885,42
15886,109
15887,140
15888,351
15889,444
15890,1175
15891,298
15892,249
15893,293
15894,163
15895,82
15896,15
15897,3
15898,6
15899,12
15900,84
15901,275
15902,692
15903,1737
15904,959
15905,300
15906,456
15907,741
15908,663
15909,502
15910,739
15911,842
15912,1567
15913,1645
15914,974
15915,775
15916,383
15917,270
15918,268
15919,127
15920,48
15921,23
15922,6
15923,12
15924,126
15925,344
15926,1054
15927,633
15928,377
15929,156
15930,164
15931,132
15932,697
15933,685
15934,780
15935,545
15936,217
15937,600
15938,556
15939,686
15940,580
15941,401
15942,279
15943,92
15944,27
15945,16
15946,18
15947,13
15948,45
15949,398
15950,627
15951,2104
15952,368
15953,625
15954,819
15955,834
15956,959
15957,677
15958,818
15959,1359
15960,2023
15961,736
15962,399
15963,305
15964,249
15965,195
15966,121
16230,48
16231,16
16232,12
16233,15
16234,3
16235,95
16236,265
16237,1044
16238,1710
16239,585
16240,284
16241,457
16242,741
16243,663
16244,543
16245,739
16246,984
16247,1163
16248,957
16249,752
16250,419
16251,323
16252,270
16253,178
16254,43
16255,38
16256,19
16257,13
16258,18
16259,101
16260,364
16261,1054
16262,1606
16263,965
16264,340
16265,389
16266,402
16267,429
16268,685
16269,780
16270,545
16271,801
16272,600
16273,556
16274,767
16275,580
16276,143
16277,80
16278,133
16279,41
16280,32
16281,6
16282,12
16283,45
16284,211
16285,619
16286,718
16287,368
16288,625
16289,819
16290,834
16291,959
16292,889
16293,1146
16294,1359
16295,856
16296,655
16297,464
16298,344
16299,317
16300,195
16301,121
16302,333
16303,222
16304,141
16305,47
16306,25
16307,3
16308,34
16309,33
16310,545
16311,820
16312,367
16313,1541
16314,1921
16315,2245
16316,1467
16317,2096
16318,2205
16319,1686
16320,1180
16321,739
16322,327
16323,273
16324,266
16325,96
16613,76
16614,27
16615,16
16616,4
16617,13
16618,30
16619,60
16620,236
16621,718
16622,368
16623,514
16624,605
16625,536
16626,683
16627,446
16628,749
16629,792
16630,856
16631,674
16632,1113
16633,785
16634,591
16635,506
16636,182
16637,150
16638,92
16639,58
16640,19
16641,19
16642,13
16643,21
16644,50
16645,141
16646,163
16647,535
16648,675
16649,940
16650,964
16651,304
16652,406
16653,449
16654,1342
16655,582
16656,298
16657,615
16658,298
16659,235
16660,96
16661,164
16662,131
16663,124
16664,147
16665,12
16666,18
16667,12
16668,48
16669,289
16670,318
16671,596
16672,790
16673,1005
16674,1454
16675,1409
16676,1310
16677,1165
16678,506
16679,869
16680,359
16681,483
16682,298
16683,174
16684,209
16949,110
16950,26
16951,16
16952,4
16953,9
16954,30
16955,60
16956,695
16957,293
16958,368
16959,402
16960,819
16961,834
16962,959
16963,889
16964,1146
16965,792
16966,856
16967,655
16968,1113
16969,785
16970,591
16971,506
16972,311
16973,382
16974,49
16975,134
16976,19
16977,6
16978,9
16979,21
16980,55
16981,141
16982,487
16983,367
16984,960
16985,1921
16986,739
16987,1467
16988,1917
16989,2205
16990,1686
16991,1180
16992,739
16993,459
16994,529
16995,451
16996,96
16997,231
16998,72
16999,124
17000,147
17001,12
17002,18
17003,12
17004,48
17005,289
17006,318
17007,696
17008,790
17009,1005
17010,920
17011,738
17012,917
17013,1165
17014,888
17015,342
17016,646
17017,483
17018,298
17019,174
17020,145
17021,55
17022,12
17023,6
17024,3
17025,15
17026,67
17027,228
17028,885
17029,1761
17030,582
17031,270
17032,388
17033,196
17034,531
17035,661
17036,737
17037,105
17038,1886
17039,657
17040,58
17041,813
17042,270
17043,43
17044,34
17331,98
17332,63
17333,142
17334,117
17335,40
17336,9
17337,15
17338,37
17339,179
17340,192
17341,281
17342,832
17343,1052
17344,424
17345,582
17346,771
17347,623
17348,363
17349,524
17350,178
17351,124
17352,114
17353,183
17354,95
17355,27
17356,18
17357,15
17358,3
17359,6
17360,51
17361,217
17362,93
17363,202
17364,602
17365,270
17366,326
17367,319
17368,243
17369,349
17370,141
17371,137
17372,358
17373,657
17374,530
17375,389
17376,159
17377,183
17378,106
